se_folder,model_path,sample_size
sample_efficiency_plantwise_split_rice_10do_main,sample_efficiency_plantwise_split_rice_10do_main\n=0005.rep=0\models\230509_095534.multi_instance.n=72,5
sample_efficiency_plantwise_split_rice_10do_main,sample_efficiency_plantwise_split_rice_10do_main\n=0005.rep=1\models\230509_100520.multi_instance.n=72,5
sample_efficiency_plantwise_split_rice_10do_main,sample_efficiency_plantwise_split_rice_10do_main\n=0005.rep=2\models\230509_101534.multi_instance.n=72,5
sample_efficiency_plantwise_split_rice_10do_main,sample_efficiency_plantwise_split_rice_10do_main\n=0010.rep=0\models\230509_102517.multi_instance.n=77,10
sample_efficiency_plantwise_split_rice_10do_main,sample_efficiency_plantwise_split_rice_10do_main\n=0010.rep=1\models\230509_103442.multi_instance.n=77,10
sample_efficiency_plantwise_split_rice_10do_main,sample_efficiency_plantwise_split_rice_10do_main\n=0010.rep=2\models\230509_104502.multi_instance.n=77,10
sample_efficiency_plantwise_split_rice_10do_main,sample_efficiency_plantwise_split_rice_10do_main\n=0020.rep=0\models\230509_105413.multi_instance.n=87,20
sample_efficiency_plantwise_split_rice_10do_main,sample_efficiency_plantwise_split_rice_10do_main\n=0020.rep=1\models\230509_110249.multi_instance.n=87,20
sample_efficiency_plantwise_split_rice_10do_main,sample_efficiency_plantwise_split_rice_10do_main\n=0020.rep=2\models\230509_111132.multi_instance.n=87,20
sample_efficiency_plantwise_split_rice_10do_main,sample_efficiency_plantwise_split_rice_10do_main\n=0050.rep=0\models\230509_112027.multi_instance.n=117,50
sample_efficiency_plantwise_split_rice_10do_main,sample_efficiency_plantwise_split_rice_10do_main\n=0050.rep=1\models\230509_112943.multi_instance.n=117,50
sample_efficiency_plantwise_split_rice_10do_main,sample_efficiency_plantwise_split_rice_10do_main\n=0050.rep=2\models\230509_114015.multi_instance.n=117,50
sample_efficiency_plantwise_split_rice_10do_main,sample_efficiency_plantwise_split_rice_10do_main\n=0100.rep=0\models\230509_115025.multi_instance.n=167,100
sample_efficiency_plantwise_split_rice_10do_main,sample_efficiency_plantwise_split_rice_10do_main\n=0100.rep=1\models\230509_120037.multi_instance.n=167,100
sample_efficiency_plantwise_split_rice_10do_main,sample_efficiency_plantwise_split_rice_10do_main\n=0100.rep=2\models\230509_121240.multi_instance.n=167,100
sample_efficiency_plantwise_split_rice_10do_main,sample_efficiency_plantwise_split_rice_10do_main\n=0200.rep=0\models\230509_122404.multi_instance.n=267,200
sample_efficiency_plantwise_split_rice_10do_main,sample_efficiency_plantwise_split_rice_10do_main\n=0200.rep=1\models\230509_123941.multi_instance.n=267,200
sample_efficiency_plantwise_split_rice_10do_main,sample_efficiency_plantwise_split_rice_10do_main\n=0200.rep=2\models\230509_125416.multi_instance.n=267,200
sample_efficiency_plantwise_split_rice_10do_main,sample_efficiency_plantwise_split_rice_10do_main\n=0300.rep=0\models\230509_130829.multi_instance.n=367,300
sample_efficiency_plantwise_split_rice_10do_main,sample_efficiency_plantwise_split_rice_10do_main\n=0300.rep=1\models\230509_132514.multi_instance.n=367,300
sample_efficiency_plantwise_split_rice_10do_main,sample_efficiency_plantwise_split_rice_10do_main\n=0300.rep=2\models\230509_134120.multi_instance.n=367,300
sample_efficiency_plantwise_split_rice_10do_main,sample_efficiency_plantwise_split_rice_10do_main\n=0400.rep=0\models\230509_135731.multi_instance.n=467,400
sample_efficiency_plantwise_split_rice_10do_main,sample_efficiency_plantwise_split_rice_10do_main\n=0400.rep=1\models\230509_141338.multi_instance.n=467,400
sample_efficiency_plantwise_split_rice_10do_main,sample_efficiency_plantwise_split_rice_10do_main\n=0400.rep=2\models\230509_143134.multi_instance.n=467,400
sample_efficiency_plantwise_split_rice_10do_main,sample_efficiency_plantwise_split_rice_10do_main\n=0500.rep=0\models\230509_145036.multi_instance.n=529,500
sample_efficiency_plantwise_split_rice_10do_main,sample_efficiency_plantwise_split_rice_10do_main\n=0500.rep=1\models\230509_150700.multi_instance.n=529,500
sample_efficiency_plantwise_split_rice_10do_main,sample_efficiency_plantwise_split_rice_10do_main\n=0500.rep=2\models\230509_152428.multi_instance.n=529,500
sample_efficiency_plantwise_split_rice_3do_long,sample_efficiency_plantwise_split_rice_3do_long\n=0005.rep=0\models\230328_102903.multi_instance.n=51,5
sample_efficiency_plantwise_split_rice_3do_long,sample_efficiency_plantwise_split_rice_3do_long\n=0005.rep=1\models\230328_104608.multi_instance.n=51,5
sample_efficiency_plantwise_split_rice_3do_long,sample_efficiency_plantwise_split_rice_3do_long\n=0005.rep=2\models\230328_105714.multi_instance.n=51,5
sample_efficiency_plantwise_split_rice_3do_long,sample_efficiency_plantwise_split_rice_3do_long\n=0010.rep=0\models\230328_112612.multi_instance.n=56,10
sample_efficiency_plantwise_split_rice_3do_long,sample_efficiency_plantwise_split_rice_3do_long\n=0010.rep=1\models\230328_113612.multi_instance.n=56,10
sample_efficiency_plantwise_split_rice_3do_long,sample_efficiency_plantwise_split_rice_3do_long\n=0010.rep=2\models\230328_120022.multi_instance.n=56,10
sample_efficiency_plantwise_split_rice_3do_long,sample_efficiency_plantwise_split_rice_3do_long\n=0020.rep=0\models\230328_122018.multi_instance.n=66,20
sample_efficiency_plantwise_split_rice_3do_long,sample_efficiency_plantwise_split_rice_3do_long\n=0020.rep=1\models\230329_082946.multi_instance.n=66,20
sample_efficiency_plantwise_split_rice_3do_long,sample_efficiency_plantwise_split_rice_3do_long\n=0020.rep=2\models\230329_104821.multi_instance.n=66,20
sample_efficiency_plantwise_split_rice_3do_long,sample_efficiency_plantwise_split_rice_3do_long\n=0050.rep=0\models\230329_170108.multi_instance.n=96,50
sample_efficiency_plantwise_split_rice_3do_long,sample_efficiency_plantwise_split_rice_3do_long\n=0050.rep=1\models\230403_162719.multi_instance.n=96,50
sample_efficiency_plantwise_split_rice_3do_long,sample_efficiency_plantwise_split_rice_3do_long\n=0050.rep=2\models\230404_115603.multi_instance.n=96,50
sample_efficiency_plantwise_split_rice_3do_long,sample_efficiency_plantwise_split_rice_3do_long\n=0100.rep=0\models\230404_132928.multi_instance.n=146,100
sample_efficiency_plantwise_split_rice_3do_long,sample_efficiency_plantwise_split_rice_3do_long\n=0100.rep=1\models\230404_181736.multi_instance.n=146,100
sample_efficiency_plantwise_split_rice_3do_long,sample_efficiency_plantwise_split_rice_3do_long\n=0100.rep=2\models\230404_204454.multi_instance.n=146,100
sample_efficiency_plantwise_split_rice_3do_long,sample_efficiency_plantwise_split_rice_3do_long\n=0200.rep=0\models\230404_211643.multi_instance.n=246,200
sample_efficiency_plantwise_split_rice_3do_long,sample_efficiency_plantwise_split_rice_3do_long\n=0200.rep=1\models\230404_213956.multi_instance.n=246,200
sample_efficiency_plantwise_split_rice_3do_long,sample_efficiency_plantwise_split_rice_3do_long\n=0200.rep=2\models\230404_224559.multi_instance.n=246,200
sample_efficiency_plantwise_split_rice_3do_long,sample_efficiency_plantwise_split_rice_3do_long\n=0400.rep=0\models\230405_090229.multi_instance.n=446,400
sample_efficiency_plantwise_split_rice_3do_long,sample_efficiency_plantwise_split_rice_3do_long\n=0400.rep=1\models\230405_102206.multi_instance.n=446,400
sample_efficiency_plantwise_split_rice_3do_long,sample_efficiency_plantwise_split_rice_3do_long\n=0400.rep=2\models\230405_104503.multi_instance.n=446,400
sample_efficiency_plantwise_split_rice_3do_long,sample_efficiency_plantwise_split_rice_3do_long\n=0600.rep=0\models\230405_121610.multi_instance.n=646,600
sample_efficiency_plantwise_split_rice_3do_long,sample_efficiency_plantwise_split_rice_3do_long\n=0600.rep=1\models\230405_164845.multi_instance.n=646,600
sample_efficiency_plantwise_split_rice_3do_long,sample_efficiency_plantwise_split_rice_3do_long\n=0600.rep=2\models\230406_092401.multi_instance.n=646,600
sample_efficiency_plantwise_split_rice_3do_main,sample_efficiency_plantwise_split_rice_3do_main\n=0005.rep=0\models\230418_160059.multi_instance.n=100,5
sample_efficiency_plantwise_split_rice_3do_main,sample_efficiency_plantwise_split_rice_3do_main\n=0005.rep=1\models\230418_162540.multi_instance.n=100,5
sample_efficiency_plantwise_split_rice_3do_main,sample_efficiency_plantwise_split_rice_3do_main\n=0005.rep=2\models\230418_173333.multi_instance.n=100,5
sample_efficiency_plantwise_split_rice_3do_main,sample_efficiency_plantwise_split_rice_3do_main\n=0010.rep=0\models\230418_182056.multi_instance.n=105,10
sample_efficiency_plantwise_split_rice_3do_main,sample_efficiency_plantwise_split_rice_3do_main\n=0010.rep=1\models\230419_113022.multi_instance.n=105,10
sample_efficiency_plantwise_split_rice_3do_main,sample_efficiency_plantwise_split_rice_3do_main\n=0010.rep=2\models\230419_135124.multi_instance.n=105,10
sample_efficiency_plantwise_split_rice_3do_main,sample_efficiency_plantwise_split_rice_3do_main\n=0020.rep=0\models\230420_105210.multi_instance.n=115,20
sample_efficiency_plantwise_split_rice_3do_main,sample_efficiency_plantwise_split_rice_3do_main\n=0020.rep=1\models\230420_113946.multi_instance.n=115,20
sample_efficiency_plantwise_split_rice_3do_main,sample_efficiency_plantwise_split_rice_3do_main\n=0020.rep=2\models\230420_120859.multi_instance.n=115,20
sample_efficiency_plantwise_split_rice_3do_main,sample_efficiency_plantwise_split_rice_3do_main\n=0050.rep=0\models\230420_125023.multi_instance.n=145,50
sample_efficiency_plantwise_split_rice_3do_main,sample_efficiency_plantwise_split_rice_3do_main\n=0050.rep=1\models\230420_131249.multi_instance.n=145,50
sample_efficiency_plantwise_split_rice_3do_main,sample_efficiency_plantwise_split_rice_3do_main\n=0050.rep=2\models\230420_143903.multi_instance.n=145,50
sample_efficiency_plantwise_split_rice_3do_main,sample_efficiency_plantwise_split_rice_3do_main\n=0100.rep=0\models\230420_180624.multi_instance.n=195,100
sample_efficiency_plantwise_split_rice_3do_main,sample_efficiency_plantwise_split_rice_3do_main\n=0100.rep=1\models\230421_100621.multi_instance.n=195,100
sample_efficiency_plantwise_split_rice_3do_main,sample_efficiency_plantwise_split_rice_3do_main\n=0100.rep=2\models\230421_143526.multi_instance.n=195,100
sample_efficiency_plantwise_split_rice_3do_main,sample_efficiency_plantwise_split_rice_3do_main\n=0200.rep=0\models\230421_151130.multi_instance.n=295,200
sample_efficiency_plantwise_split_rice_3do_main,sample_efficiency_plantwise_split_rice_3do_main\n=0200.rep=1\models\230421_153235.multi_instance.n=295,200
sample_efficiency_plantwise_split_rice_3do_main,sample_efficiency_plantwise_split_rice_3do_main\n=0200.rep=2\models\230421_160636.multi_instance.n=295,200
sample_efficiency_plantwise_split_rice_3do_main,sample_efficiency_plantwise_split_rice_3do_main\n=0400.rep=0\models\230421_171110.multi_instance.n=495,400
sample_efficiency_plantwise_split_rice_3do_main,sample_efficiency_plantwise_split_rice_3do_main\n=0400.rep=1\models\230424_181005.multi_instance.n=495,400
sample_efficiency_plantwise_split_rice_3do_main,sample_efficiency_plantwise_split_rice_3do_main\n=0400.rep=2\models\230425_120757.multi_instance.n=495,400
sample_efficiency_plantwise_split_rice_3do_main,sample_efficiency_plantwise_split_rice_3do_main\n=0600.rep=0\models\230425_160904.multi_instance.n=695,600
sample_efficiency_plantwise_split_rice_3do_main,sample_efficiency_plantwise_split_rice_3do_main\n=0600.rep=1\models\230425_164832.multi_instance.n=695,600
sample_efficiency_plantwise_split_rice_3do_main,sample_efficiency_plantwise_split_rice_3do_main\n=0600.rep=2\models\230425_184758.multi_instance.n=695,600
sample_efficiency_plantwise_split_rice_3do_main,sample_efficiency_plantwise_split_rice_3do_main\n=0700.rep=0\models\230426_110846.multi_instance.n=795,700
sample_efficiency_plantwise_split_rice_3do_main,sample_efficiency_plantwise_split_rice_3do_main\n=0700.rep=1\models\230426_143855.multi_instance.n=795,700
sample_efficiency_plantwise_split_rice_3do_main,sample_efficiency_plantwise_split_rice_3do_main\n=0700.rep=2\models\230427_092022.multi_instance.n=795,700
sample_efficiency_plantwise_split_soy_lr,sample_efficiency_plantwise_split_soy_lr\n=0005.rep=0\models\230508_165340.multi_instance.n=65,5
sample_efficiency_plantwise_split_soy_lr,sample_efficiency_plantwise_split_soy_lr\n=0005.rep=1\models\230508_171758.multi_instance.n=65,5
sample_efficiency_plantwise_split_soy_lr,sample_efficiency_plantwise_split_soy_lr\n=0005.rep=2\models\230508_173404.multi_instance.n=65,5
sample_efficiency_plantwise_split_soy_lr,sample_efficiency_plantwise_split_soy_lr\n=0010.rep=0\models\230508_174523.multi_instance.n=70,10
sample_efficiency_plantwise_split_soy_lr,sample_efficiency_plantwise_split_soy_lr\n=0010.rep=1\models\230508_175755.multi_instance.n=70,10
sample_efficiency_plantwise_split_soy_lr,sample_efficiency_plantwise_split_soy_lr\n=0010.rep=2\models\230508_180655.multi_instance.n=70,10
sample_efficiency_plantwise_split_soy_lr,sample_efficiency_plantwise_split_soy_lr\n=0020.rep=0\models\230508_181736.multi_instance.n=80,20
sample_efficiency_plantwise_split_soy_lr,sample_efficiency_plantwise_split_soy_lr\n=0020.rep=1\models\230508_183502.multi_instance.n=80,20
sample_efficiency_plantwise_split_soy_lr,sample_efficiency_plantwise_split_soy_lr\n=0020.rep=2\models\230508_184447.multi_instance.n=80,20
sample_efficiency_plantwise_split_soy_lr,sample_efficiency_plantwise_split_soy_lr\n=0050.rep=0\models\230508_185958.multi_instance.n=110,50
sample_efficiency_plantwise_split_soy_lr,sample_efficiency_plantwise_split_soy_lr\n=0050.rep=1\models\230508_191333.multi_instance.n=110,50
sample_efficiency_plantwise_split_soy_lr,sample_efficiency_plantwise_split_soy_lr\n=0050.rep=2\models\230508_192836.multi_instance.n=110,50
sample_efficiency_plantwise_split_soy_lr,sample_efficiency_plantwise_split_soy_lr\n=0100.rep=0\models\230508_194146.multi_instance.n=160,100
sample_efficiency_plantwise_split_soy_lr,sample_efficiency_plantwise_split_soy_lr\n=0100.rep=1\models\230508_195924.multi_instance.n=160,100
sample_efficiency_plantwise_split_soy_lr,sample_efficiency_plantwise_split_soy_lr\n=0100.rep=2\models\230508_201642.multi_instance.n=160,100
sample_efficiency_plantwise_split_soy_lr,sample_efficiency_plantwise_split_soy_lr\n=0200.rep=0\models\230508_203723.multi_instance.n=260,200
sample_efficiency_plantwise_split_soy_lr,sample_efficiency_plantwise_split_soy_lr\n=0200.rep=1\models\230508_210243.multi_instance.n=260,200
sample_efficiency_plantwise_split_soy_lr,sample_efficiency_plantwise_split_soy_lr\n=0200.rep=2\models\230508_212234.multi_instance.n=260,200
sample_efficiency_plantwise_split_soy_lr,sample_efficiency_plantwise_split_soy_lr\n=0300.rep=0\models\230508_214037.multi_instance.n=360,300
sample_efficiency_plantwise_split_soy_lr,sample_efficiency_plantwise_split_soy_lr\n=0300.rep=1\models\230508_215844.multi_instance.n=360,300
sample_efficiency_plantwise_split_soy_lr,sample_efficiency_plantwise_split_soy_lr\n=0300.rep=2\models\230508_221935.multi_instance.n=360,300
sample_efficiency_plantwise_split_soy_lr,sample_efficiency_plantwise_split_soy_lr\n=0400.rep=0\models\230508_224639.multi_instance.n=440,400
sample_efficiency_plantwise_split_soy_lr,sample_efficiency_plantwise_split_soy_lr\n=0400.rep=1\models\230508_231026.multi_instance.n=440,400
sample_efficiency_plantwise_split_soy_lr,sample_efficiency_plantwise_split_soy_lr\n=0400.rep=2\models\230508_233146.multi_instance.n=440,400
sample_efficiency_plantwise_split_soy_pr,sample_efficiency_plantwise_split_soy_pr\n=0005.rep=0\models\230428_165438.multi_instance.n=176,5
sample_efficiency_plantwise_split_soy_pr,sample_efficiency_plantwise_split_soy_pr\n=0005.rep=1\models\230428_170321.multi_instance.n=176,5
sample_efficiency_plantwise_split_soy_pr,sample_efficiency_plantwise_split_soy_pr\n=0005.rep=2\models\230501_090057.multi_instance.n=176,5
sample_efficiency_plantwise_split_soy_pr,sample_efficiency_plantwise_split_soy_pr\n=0010.rep=0\models\230502_104706.multi_instance.n=181,10
sample_efficiency_plantwise_split_soy_pr,sample_efficiency_plantwise_split_soy_pr\n=0010.rep=1\models\230502_120631.multi_instance.n=181,10
sample_efficiency_plantwise_split_soy_pr,sample_efficiency_plantwise_split_soy_pr\n=0010.rep=2\models\230502_152452.multi_instance.n=181,10
sample_efficiency_plantwise_split_soy_pr,sample_efficiency_plantwise_split_soy_pr\n=0020.rep=0\models\230502_155801.multi_instance.n=191,20
sample_efficiency_plantwise_split_soy_pr,sample_efficiency_plantwise_split_soy_pr\n=0020.rep=1\models\230502_161749.multi_instance.n=191,20
sample_efficiency_plantwise_split_soy_pr,sample_efficiency_plantwise_split_soy_pr\n=0020.rep=2\models\230502_164625.multi_instance.n=191,20
sample_efficiency_plantwise_split_soy_pr,sample_efficiency_plantwise_split_soy_pr\n=0050.rep=0\models\230502_170613.multi_instance.n=221,50
sample_efficiency_plantwise_split_soy_pr,sample_efficiency_plantwise_split_soy_pr\n=0050.rep=1\models\230502_171509.multi_instance.n=221,50
sample_efficiency_plantwise_split_soy_pr,sample_efficiency_plantwise_split_soy_pr\n=0050.rep=2\models\230503_101349.multi_instance.n=221,50
sample_efficiency_plantwise_split_soy_pr,sample_efficiency_plantwise_split_soy_pr\n=0100.rep=0\models\230503_103315.multi_instance.n=271,100
sample_efficiency_plantwise_split_soy_pr,sample_efficiency_plantwise_split_soy_pr\n=0100.rep=0\models\230503_141120.multi_instance.n=271,100
sample_efficiency_plantwise_split_soy_pr,sample_efficiency_plantwise_split_soy_pr\n=0100.rep=1\models\230503_105039.multi_instance.n=271,100
sample_efficiency_plantwise_split_soy_pr,sample_efficiency_plantwise_split_soy_pr\n=0100.rep=1\models\230503_155742.multi_instance.n=271,100
sample_efficiency_plantwise_split_soy_pr,sample_efficiency_plantwise_split_soy_pr\n=0100.rep=2\models\230503_110720.multi_instance.n=271,100
sample_efficiency_plantwise_split_soy_pr,sample_efficiency_plantwise_split_soy_pr\n=0100.rep=2\models\230503_162908.multi_instance.n=271,100
sample_efficiency_plantwise_split_soy_pr,sample_efficiency_plantwise_split_soy_pr\n=0200.rep=0\models\230504_095958.multi_instance.n=371,200
sample_efficiency_plantwise_split_soy_pr,sample_efficiency_plantwise_split_soy_pr\n=0200.rep=1\models\230504_142001.multi_instance.n=371,200
sample_efficiency_plantwise_split_soy_pr,sample_efficiency_plantwise_split_soy_pr\n=0200.rep=2\models\230504_152703.multi_instance.n=371,200
sample_efficiency_plantwise_split_soy_pr,sample_efficiency_plantwise_split_soy_pr\n=0400.rep=0\models\230504_165007.multi_instance.n=571,400
sample_efficiency_plantwise_split_soy_pr,sample_efficiency_plantwise_split_soy_pr\n=0400.rep=1\models\230504_171222.multi_instance.n=571,400
sample_efficiency_plantwise_split_soy_pr,sample_efficiency_plantwise_split_soy_pr\n=0400.rep=2\models\230504_233827.multi_instance.n=571,400
sample_efficiency_plantwise_split_soy_pr,sample_efficiency_plantwise_split_soy_pr\n=0600.rep=0\models\230505_123418.multi_instance.n=771,600
sample_efficiency_plantwise_split_soy_pr,sample_efficiency_plantwise_split_soy_pr\n=0600.rep=1\models\230505_131551.multi_instance.n=771,600
sample_efficiency_plantwise_split_soy_pr,sample_efficiency_plantwise_split_soy_pr\n=0600.rep=2\models\230508_095801.multi_instance.n=771,600
sample_efficiency_plantwise_split_soy_pr,sample_efficiency_plantwise_split_soy_pr\n=0800.rep=0\models\230508_103830.multi_instance.n=971,800
sample_efficiency_plantwise_split_soy_pr,sample_efficiency_plantwise_split_soy_pr\n=0800.rep=1\models\230508_110318.multi_instance.n=971,800
sample_efficiency_plantwise_split_soy_pr,sample_efficiency_plantwise_split_soy_pr\n=0800.rep=2\models\230508_111941.multi_instance.n=971,800
sample_efficiency_plantwise_split_soy_pr,sample_efficiency_plantwise_split_soy_pr\n=1000.rep=0\models\230508_113848.multi_instance.n=1171,1000
sample_efficiency_plantwise_split_soy_pr,sample_efficiency_plantwise_split_soy_pr\n=1000.rep=1\models\230508_115911.multi_instance.n=1171,1000
sample_efficiency_plantwise_split_soy_pr,sample_efficiency_plantwise_split_soy_pr\n=1000.rep=2\models\230508_122222.multi_instance.n=1171,1000
sample_efficiency_plantwise_split_soy_pr,sample_efficiency_plantwise_split_soy_pr\n=1200.rep=0\models\230508_124427.multi_instance.n=1276,1200
sample_efficiency_plantwise_split_soy_pr,sample_efficiency_plantwise_split_soy_pr\n=1200.rep=1\models\230508_131017.multi_instance.n=1276,1200
sample_efficiency_plantwise_split_soy_pr,sample_efficiency_plantwise_split_soy_pr\n=1200.rep=2\models\230508_133628.multi_instance.n=1276,1200
sample_efficiency_plantwise_split_arabidopsis_7dap_lr,sample_efficiency_plantwise_split_arabidopsis_7dap_lr\n=0005.rep=0\models\230619_160454.multi_instance.n=36,5
sample_efficiency_plantwise_split_arabidopsis_7dap_lr,sample_efficiency_plantwise_split_arabidopsis_7dap_lr\n=0005.rep=1\models\230619_161155.multi_instance.n=36,5
sample_efficiency_plantwise_split_arabidopsis_7dap_lr,sample_efficiency_plantwise_split_arabidopsis_7dap_lr\n=0005.rep=2\models\230619_161926.multi_instance.n=36,5
sample_efficiency_plantwise_split_arabidopsis_7dap_lr,sample_efficiency_plantwise_split_arabidopsis_7dap_lr\n=0010.rep=0\models\230619_162658.multi_instance.n=41,10
sample_efficiency_plantwise_split_arabidopsis_7dap_lr,sample_efficiency_plantwise_split_arabidopsis_7dap_lr\n=0010.rep=1\models\230619_163355.multi_instance.n=41,10
sample_efficiency_plantwise_split_arabidopsis_7dap_lr,sample_efficiency_plantwise_split_arabidopsis_7dap_lr\n=0010.rep=2\models\230619_164018.multi_instance.n=41,10
sample_efficiency_plantwise_split_arabidopsis_7dap_lr,sample_efficiency_plantwise_split_arabidopsis_7dap_lr\n=0020.rep=0\models\230619_164726.multi_instance.n=51,20
sample_efficiency_plantwise_split_arabidopsis_7dap_lr,sample_efficiency_plantwise_split_arabidopsis_7dap_lr\n=0020.rep=1\models\230619_165358.multi_instance.n=51,20
sample_efficiency_plantwise_split_arabidopsis_7dap_lr,sample_efficiency_plantwise_split_arabidopsis_7dap_lr\n=0020.rep=2\models\230619_170153.multi_instance.n=51,20
sample_efficiency_plantwise_split_arabidopsis_7dap_lr,sample_efficiency_plantwise_split_arabidopsis_7dap_lr\n=0050.rep=0\models\230619_170828.multi_instance.n=81,50
sample_efficiency_plantwise_split_arabidopsis_7dap_lr,sample_efficiency_plantwise_split_arabidopsis_7dap_lr\n=0050.rep=1\models\230619_171717.multi_instance.n=81,50
sample_efficiency_plantwise_split_arabidopsis_7dap_lr,sample_efficiency_plantwise_split_arabidopsis_7dap_lr\n=0050.rep=2\models\230619_172603.multi_instance.n=81,50
sample_efficiency_plantwise_split_arabidopsis_7dap_lr,sample_efficiency_plantwise_split_arabidopsis_7dap_lr\n=0100.rep=0\models\230619_173354.multi_instance.n=131,100
sample_efficiency_plantwise_split_arabidopsis_7dap_lr,sample_efficiency_plantwise_split_arabidopsis_7dap_lr\n=0100.rep=1\models\230619_174117.multi_instance.n=131,100
sample_efficiency_plantwise_split_arabidopsis_7dap_lr,sample_efficiency_plantwise_split_arabidopsis_7dap_lr\n=0100.rep=2\models\230619_175239.multi_instance.n=131,100
sample_efficiency_plantwise_split_arabidopsis_7dap_lr,sample_efficiency_plantwise_split_arabidopsis_7dap_lr\n=0150.rep=0\models\230619_180437.multi_instance.n=181,150
sample_efficiency_plantwise_split_arabidopsis_7dap_lr,sample_efficiency_plantwise_split_arabidopsis_7dap_lr\n=0150.rep=1\models\230619_182022.multi_instance.n=181,150
sample_efficiency_plantwise_split_arabidopsis_7dap_lr,sample_efficiency_plantwise_split_arabidopsis_7dap_lr\n=0150.rep=2\models\230619_183349.multi_instance.n=181,150
sample_efficiency_plantwise_split_arabidopsis_7dap_lr,sample_efficiency_plantwise_split_arabidopsis_7dap_lr\n=0200.rep=0\models\230619_184642.multi_instance.n=231,200
sample_efficiency_plantwise_split_arabidopsis_7dap_lr,sample_efficiency_plantwise_split_arabidopsis_7dap_lr\n=0200.rep=1\models\230619_190054.multi_instance.n=231,200
sample_efficiency_plantwise_split_arabidopsis_7dap_lr,sample_efficiency_plantwise_split_arabidopsis_7dap_lr\n=0200.rep=2\models\230619_191342.multi_instance.n=231,200
sample_efficiency_plantwise_split_arabidopsis_7dap_lr,sample_efficiency_plantwise_split_arabidopsis_7dap_lr\n=0250.rep=0\models\230619_193255.multi_instance.n=249,250
sample_efficiency_plantwise_split_arabidopsis_7dap_lr,sample_efficiency_plantwise_split_arabidopsis_7dap_lr\n=0250.rep=1\models\230619_195021.multi_instance.n=249,250
sample_efficiency_plantwise_split_arabidopsis_7dap_lr,sample_efficiency_plantwise_split_arabidopsis_7dap_lr\n=0250.rep=2\models\230619_200249.multi_instance.n=249,250
sample_efficiency_plantwise_split_arabidopsis_7dap_pr,sample_efficiency_plantwise_split_arabidopsis_7dap_pr\n=0002.rep=0\models\230619_125209.multi_instance.n=6,2
sample_efficiency_plantwise_split_arabidopsis_7dap_pr,sample_efficiency_plantwise_split_arabidopsis_7dap_pr\n=0002.rep=1\models\230619_125828.multi_instance.n=6,2
sample_efficiency_plantwise_split_arabidopsis_7dap_pr,sample_efficiency_plantwise_split_arabidopsis_7dap_pr\n=0002.rep=2\models\230619_130448.multi_instance.n=6,2
sample_efficiency_plantwise_split_arabidopsis_7dap_pr,sample_efficiency_plantwise_split_arabidopsis_7dap_pr\n=0004.rep=0\models\230619_131107.multi_instance.n=8,4
sample_efficiency_plantwise_split_arabidopsis_7dap_pr,sample_efficiency_plantwise_split_arabidopsis_7dap_pr\n=0004.rep=1\models\230619_131731.multi_instance.n=8,4
sample_efficiency_plantwise_split_arabidopsis_7dap_pr,sample_efficiency_plantwise_split_arabidopsis_7dap_pr\n=0004.rep=2\models\230619_132341.multi_instance.n=8,4
sample_efficiency_plantwise_split_arabidopsis_7dap_pr,sample_efficiency_plantwise_split_arabidopsis_7dap_pr\n=0008.rep=0\models\230619_133009.multi_instance.n=12,8
sample_efficiency_plantwise_split_arabidopsis_7dap_pr,sample_efficiency_plantwise_split_arabidopsis_7dap_pr\n=0008.rep=1\models\230619_133535.multi_instance.n=12,8
sample_efficiency_plantwise_split_arabidopsis_7dap_pr,sample_efficiency_plantwise_split_arabidopsis_7dap_pr\n=0008.rep=2\models\230619_134129.multi_instance.n=12,8
sample_efficiency_plantwise_split_arabidopsis_7dap_pr,sample_efficiency_plantwise_split_arabidopsis_7dap_pr\n=0016.rep=0\models\230619_134753.multi_instance.n=20,16
sample_efficiency_plantwise_split_arabidopsis_7dap_pr,sample_efficiency_plantwise_split_arabidopsis_7dap_pr\n=0016.rep=1\models\230619_135412.multi_instance.n=20,16
sample_efficiency_plantwise_split_arabidopsis_7dap_pr,sample_efficiency_plantwise_split_arabidopsis_7dap_pr\n=0016.rep=2\models\230619_140004.multi_instance.n=20,16
sample_efficiency_plantwise_split_arabidopsis_7dap_pr,sample_efficiency_plantwise_split_arabidopsis_7dap_pr\n=0032.rep=0\models\230619_140621.multi_instance.n=36,32
sample_efficiency_plantwise_split_arabidopsis_7dap_pr,sample_efficiency_plantwise_split_arabidopsis_7dap_pr\n=0032.rep=1\models\230619_141238.multi_instance.n=36,32
sample_efficiency_plantwise_split_arabidopsis_7dap_pr,sample_efficiency_plantwise_split_arabidopsis_7dap_pr\n=0032.rep=2\models\230619_141920.multi_instance.n=36,32
sample_efficiency_plantwise_split_arabidopsis_7dap_pr,sample_efficiency_plantwise_split_arabidopsis_7dap_pr\n=0040.rep=0\models\230619_142559.multi_instance.n=43,40
sample_efficiency_plantwise_split_arabidopsis_7dap_pr,sample_efficiency_plantwise_split_arabidopsis_7dap_pr\n=0040.rep=1\models\230619_143245.multi_instance.n=43,40
sample_efficiency_plantwise_split_arabidopsis_7dap_pr,sample_efficiency_plantwise_split_arabidopsis_7dap_pr\n=0040.rep=2\models\230619_143935.multi_instance.n=43,40
sample_efficiency_plantwise_split_arabidopsis_7dap_pr,sample_efficiency_plantwise_split_arabidopsis_7dap_pr\n=0044.rep=0\models\230619_144650.multi_instance.n=43,44
sample_efficiency_plantwise_split_arabidopsis_7dap_pr,sample_efficiency_plantwise_split_arabidopsis_7dap_pr\n=0044.rep=1\models\230619_145404.multi_instance.n=43,44
sample_efficiency_plantwise_split_arabidopsis_7dap_pr,sample_efficiency_plantwise_split_arabidopsis_7dap_pr\n=0044.rep=2\models\230619_150029.multi_instance.n=43,44
sample_efficiency_plantwise_split_canola_lr,sample_efficiency_plantwise_split_canola_lr\n=0005.rep=0\models\230510_083331.multi_instance.n=63,5
sample_efficiency_plantwise_split_canola_lr,sample_efficiency_plantwise_split_canola_lr\n=0005.rep=1\models\230510_084035.multi_instance.n=63,5
sample_efficiency_plantwise_split_canola_lr,sample_efficiency_plantwise_split_canola_lr\n=0005.rep=2\models\230510_085211.multi_instance.n=63,5
sample_efficiency_plantwise_split_canola_lr,sample_efficiency_plantwise_split_canola_lr\n=0010.rep=0\models\230510_085913.multi_instance.n=68,10
sample_efficiency_plantwise_split_canola_lr,sample_efficiency_plantwise_split_canola_lr\n=0010.rep=1\models\230510_090724.multi_instance.n=68,10
sample_efficiency_plantwise_split_canola_lr,sample_efficiency_plantwise_split_canola_lr\n=0010.rep=2\models\230510_091837.multi_instance.n=68,10
sample_efficiency_plantwise_split_canola_lr,sample_efficiency_plantwise_split_canola_lr\n=0020.rep=0\models\230510_092621.multi_instance.n=78,20
sample_efficiency_plantwise_split_canola_lr,sample_efficiency_plantwise_split_canola_lr\n=0020.rep=1\models\230510_093256.multi_instance.n=78,20
sample_efficiency_plantwise_split_canola_lr,sample_efficiency_plantwise_split_canola_lr\n=0020.rep=2\models\230510_094310.multi_instance.n=78,20
sample_efficiency_plantwise_split_canola_lr,sample_efficiency_plantwise_split_canola_lr\n=0050.rep=0\models\230510_095003.multi_instance.n=108,50
sample_efficiency_plantwise_split_canola_lr,sample_efficiency_plantwise_split_canola_lr\n=0050.rep=1\models\230510_100101.multi_instance.n=108,50
sample_efficiency_plantwise_split_canola_lr,sample_efficiency_plantwise_split_canola_lr\n=0050.rep=2\models\230510_100852.multi_instance.n=108,50
sample_efficiency_plantwise_split_canola_lr,sample_efficiency_plantwise_split_canola_lr\n=0100.rep=0\models\230510_101805.multi_instance.n=158,100
sample_efficiency_plantwise_split_canola_lr,sample_efficiency_plantwise_split_canola_lr\n=0100.rep=1\models\230510_102913.multi_instance.n=158,100
sample_efficiency_plantwise_split_canola_lr,sample_efficiency_plantwise_split_canola_lr\n=0100.rep=2\models\230510_104056.multi_instance.n=158,100
sample_efficiency_plantwise_split_canola_lr,sample_efficiency_plantwise_split_canola_lr\n=0200.rep=0\models\230510_105209.multi_instance.n=258,200
sample_efficiency_plantwise_split_canola_lr,sample_efficiency_plantwise_split_canola_lr\n=0200.rep=1\models\230510_110444.multi_instance.n=258,200
sample_efficiency_plantwise_split_canola_lr,sample_efficiency_plantwise_split_canola_lr\n=0200.rep=2\models\230510_111500.multi_instance.n=258,200
sample_efficiency_plantwise_split_canola_lr,sample_efficiency_plantwise_split_canola_lr\n=0300.rep=0\models\230510_112831.multi_instance.n=350,300
sample_efficiency_plantwise_split_canola_lr,sample_efficiency_plantwise_split_canola_lr\n=0300.rep=1\models\230510_113756.multi_instance.n=350,300
sample_efficiency_plantwise_split_canola_lr,sample_efficiency_plantwise_split_canola_lr\n=0300.rep=2\models\230510_115719.multi_instance.n=350,300
sample_efficiency_plantwise_split_canola_pr,sample_efficiency_plantwise_split_canola_pr\n=0005.rep=0\models\230509_185644.multi_instance.n=45,5
sample_efficiency_plantwise_split_canola_pr,sample_efficiency_plantwise_split_canola_pr\n=0005.rep=1\models\230509_190431.multi_instance.n=45,5
sample_efficiency_plantwise_split_canola_pr,sample_efficiency_plantwise_split_canola_pr\n=0005.rep=2\models\230509_191147.multi_instance.n=45,5
sample_efficiency_plantwise_split_canola_pr,sample_efficiency_plantwise_split_canola_pr\n=0010.rep=0\models\230509_192112.multi_instance.n=50,10
sample_efficiency_plantwise_split_canola_pr,sample_efficiency_plantwise_split_canola_pr\n=0010.rep=1\models\230509_193246.multi_instance.n=50,10
sample_efficiency_plantwise_split_canola_pr,sample_efficiency_plantwise_split_canola_pr\n=0010.rep=2\models\230509_193943.multi_instance.n=50,10
sample_efficiency_plantwise_split_canola_pr,sample_efficiency_plantwise_split_canola_pr\n=0020.rep=0\models\230509_194612.multi_instance.n=60,20
sample_efficiency_plantwise_split_canola_pr,sample_efficiency_plantwise_split_canola_pr\n=0020.rep=1\models\230509_195236.multi_instance.n=60,20
sample_efficiency_plantwise_split_canola_pr,sample_efficiency_plantwise_split_canola_pr\n=0020.rep=2\models\230509_195942.multi_instance.n=60,20
sample_efficiency_plantwise_split_canola_pr,sample_efficiency_plantwise_split_canola_pr\n=0050.rep=0\models\230509_200554.multi_instance.n=90,50
sample_efficiency_plantwise_split_canola_pr,sample_efficiency_plantwise_split_canola_pr\n=0050.rep=1\models\230509_201449.multi_instance.n=90,50
sample_efficiency_plantwise_split_canola_pr,sample_efficiency_plantwise_split_canola_pr\n=0050.rep=2\models\230509_202639.multi_instance.n=90,50
sample_efficiency_plantwise_split_canola_pr,sample_efficiency_plantwise_split_canola_pr\n=0100.rep=0\models\230509_203554.multi_instance.n=140,100
sample_efficiency_plantwise_split_canola_pr,sample_efficiency_plantwise_split_canola_pr\n=0100.rep=1\models\230509_204426.multi_instance.n=140,100
sample_efficiency_plantwise_split_canola_pr,sample_efficiency_plantwise_split_canola_pr\n=0100.rep=2\models\230509_205249.multi_instance.n=140,100
sample_efficiency_plantwise_split_canola_pr,sample_efficiency_plantwise_split_canola_pr\n=0200.rep=0\models\230509_210057.multi_instance.n=240,200
sample_efficiency_plantwise_split_canola_pr,sample_efficiency_plantwise_split_canola_pr\n=0200.rep=1\models\230509_211701.multi_instance.n=240,200
sample_efficiency_plantwise_split_canola_pr,sample_efficiency_plantwise_split_canola_pr\n=0200.rep=2\models\230509_213033.multi_instance.n=240,200
sample_efficiency_plantwise_split_canola_pr,sample_efficiency_plantwise_split_canola_pr\n=0300.rep=0\models\230509_214417.multi_instance.n=302,300
sample_efficiency_plantwise_split_canola_pr,sample_efficiency_plantwise_split_canola_pr\n=0300.rep=1\models\230509_215920.multi_instance.n=302,300
sample_efficiency_plantwise_split_canola_pr,sample_efficiency_plantwise_split_canola_pr\n=0300.rep=2\models\230509_221840.multi_instance.n=302,300
